{
    "keyCount": 4,
    "sectionLengths": [
        16,
        16,
        16,
        16,
        16,
        16,
        16,
        16,
        16,
        16,
        16,
        16,
        16,
        16,
        16,
        16,
        16,
        16,
        16,
        16,
        16,
        16,
        16,
        16,
        16,
        16,
        16,
        16,
        16,
        16,
        16,
        16,
        16,
        16,
        16,
        16,
        16,
        16,
        0
    ],
    "timescale": [
        4,
        4
    ],
    "notes": [
        {
            "sectionNotes": [],
            "changeTimeScale": false,
            "timeScale": [
                4,
                4
            ],
            "changeBPM": false,
            "bpm": 118.25
        },
        {
            "sectionNotes": [
                {
                    "noteStrum": 0,
                    "noteData": 1,
                    "noteSus": 0
                },
                {
                    "noteStrum": 253.69978858351,
                    "noteData": 2,
                    "noteSus": 0
                },
                {
                    "noteStrum": 1014.79915433404,
                    "noteData": 3,
                    "noteSus": 0
                },
                {
                    "noteStrum": 1268.49894291755,
                    "noteData": 1,
                    "noteSus": 0
                },
                {
                    "noteStrum": 761.099365750528,
                    "noteData": 1,
                    "noteSus": 0
                },
                {
                    "noteStrum": 1479.91543340381,
                    "noteData": 0,
                    "noteSus": 0
                },
                {
                    "noteStrum": 1775.89852008457,
                    "noteData": 3,
                    "noteSus": 126.849894291755
                },
                {
                    "noteStrum": 507.399577167019,
                    "noteData": 0,
                    "noteSus": 0
                },
                {
                    "noteStrum": 507.399577167019,
                    "noteData": 3,
                    "noteSus": 0
                },
                {
                    "noteStrum": 1479.91543340381,
                    "noteData": 2,
                    "noteSus": 0
                },
                {
                    "noteStrum": 0,
                    "noteData": 5,
                    "noteSus": 0
                },
                {
                    "noteStrum": 253.69978858351,
                    "noteData": 6,
                    "noteSus": 0
                },
                {
                    "noteStrum": 1014.79915433404,
                    "noteData": 7,
                    "noteSus": 0
                },
                {
                    "noteStrum": 1268.49894291755,
                    "noteData": 5,
                    "noteSus": 0
                },
                {
                    "noteStrum": 761.099365750528,
                    "noteData": 5,
                    "noteSus": 0
                },
                {
                    "noteStrum": 1479.91543340381,
                    "noteData": 4,
                    "noteSus": 0
                },
                {
                    "noteStrum": 1775.89852008457,
                    "noteData": 7,
                    "noteSus": 126.849894291755
                },
                {
                    "noteStrum": 507.399577167019,
                    "noteData": 4,
                    "noteSus": 0
                },
                {
                    "noteStrum": 507.399577167019,
                    "noteData": 7,
                    "noteSus": 0
                },
                {
                    "noteStrum": 1479.91543340381,
                    "noteData": 6,
                    "noteSus": 0
                }
            ],
            "changeTimeScale": false,
            "timeScale": [
                4,
                4
            ],
            "changeBPM": false,
            "bpm": 118.25
        },
        {
            "sectionNotes": [
                {
                    "noteStrum": 2283.29809725159,
                    "noteData": 2,
                    "noteSus": 380.549682875264
                },
                {
                    "noteStrum": 3551.79704016913,
                    "noteData": 2,
                    "noteSus": 253.69978858351
                },
                {
                    "noteStrum": 3340.38054968288,
                    "noteData": 0,
                    "noteSus": 0
                },
                {
                    "noteStrum": 2536.9978858351,
                    "noteData": 0,
                    "noteSus": 0
                },
                {
                    "noteStrum": 2536.9978858351,
                    "noteData": 3,
                    "noteSus": 0
                },
                {
                    "noteStrum": 3551.79704016913,
                    "noteData": 1,
                    "noteSus": 0
                },
                {
                    "noteStrum": 3551.79704016913,
                    "noteData": 3,
                    "noteSus": 0
                },
                {
                    "noteStrum": 2283.29809725159,
                    "noteData": 6,
                    "noteSus": 380.549682875264
                },
                {
                    "noteStrum": 3551.79704016913,
                    "noteData": 6,
                    "noteSus": 253.69978858351
                },
                {
                    "noteStrum": 3340.38054968288,
                    "noteData": 4,
                    "noteSus": 0
                },
                {
                    "noteStrum": 2536.9978858351,
                    "noteData": 4,
                    "noteSus": 0
                },
                {
                    "noteStrum": 2536.9978858351,
                    "noteData": 7,
                    "noteSus": 0
                },
                {
                    "noteStrum": 3551.79704016913,
                    "noteData": 5,
                    "noteSus": 0
                },
                {
                    "noteStrum": 3551.79704016913,
                    "noteData": 7,
                    "noteSus": 0
                }
            ],
            "changeTimeScale": false,
            "timeScale": [
                4,
                4
            ],
            "changeBPM": false,
            "bpm": 118.25
        },
        {
            "sectionNotes": [
                {
                    "noteStrum": 4059.19661733615,
                    "noteData": 1,
                    "noteSus": 253.69978858351
                },
                {
                    "noteStrum": 4566.59619450317,
                    "noteData": 2,
                    "noteSus": 0
                },
                {
                    "noteStrum": 4566.59619450317,
                    "noteData": 3,
                    "noteSus": 0
                },
                {
                    "noteStrum": 4566.59619450317,
                    "noteData": 0,
                    "noteSus": 0
                },
                {
                    "noteStrum": 4862.57928118393,
                    "noteData": 1,
                    "noteSus": 0
                },
                {
                    "noteStrum": 5031.71247357294,
                    "noteData": 2,
                    "noteSus": 126.849894291755
                },
                {
                    "noteStrum": 5581.39534883721,
                    "noteData": 3,
                    "noteSus": 126.849894291755
                },
                {
                    "noteStrum": 5919.66173361522,
                    "noteData": 2,
                    "noteSus": 126.849894291755
                },
                {
                    "noteStrum": 5581.39534883721,
                    "noteData": 1,
                    "noteSus": 0
                },
                {
                    "noteStrum": 5581.39534883721,
                    "noteData": 2,
                    "noteSus": 0
                },
                {
                    "noteStrum": 5369.97885835095,
                    "noteData": 0,
                    "noteSus": 0
                },
                {
                    "noteStrum": 4059.19661733615,
                    "noteData": 5,
                    "noteSus": 253.69978858351
                },
                {
                    "noteStrum": 4566.59619450317,
                    "noteData": 6,
                    "noteSus": 0
                },
                {
                    "noteStrum": 4566.59619450317,
                    "noteData": 7,
                    "noteSus": 0
                },
                {
                    "noteStrum": 4566.59619450317,
                    "noteData": 4,
                    "noteSus": 0
                },
                {
                    "noteStrum": 4862.57928118393,
                    "noteData": 5,
                    "noteSus": 0
                },
                {
                    "noteStrum": 5031.71247357294,
                    "noteData": 6,
                    "noteSus": 126.849894291755
                },
                {
                    "noteStrum": 5581.39534883721,
                    "noteData": 7,
                    "noteSus": 126.849894291755
                },
                {
                    "noteStrum": 5919.66173361522,
                    "noteData": 6,
                    "noteSus": 126.849894291755
                },
                {
                    "noteStrum": 5581.39534883721,
                    "noteData": 5,
                    "noteSus": 0
                },
                {
                    "noteStrum": 5581.39534883721,
                    "noteData": 6,
                    "noteSus": 0
                },
                {
                    "noteStrum": 5369.97885835095,
                    "noteData": 4,
                    "noteSus": 0
                }
            ],
            "changeTimeScale": false,
            "timeScale": [
                4,
                4
            ],
            "changeBPM": false,
            "bpm": 118.25
        },
        {
            "sectionNotes": [
                {
                    "noteStrum": 6342.49471458774,
                    "noteData": 3,
                    "noteSus": 126.849894291755
                },
                {
                    "noteStrum": 6596.19450317125,
                    "noteData": 1,
                    "noteSus": 0
                },
                {
                    "noteStrum": 6596.19450317125,
                    "noteData": 0,
                    "noteSus": 0
                },
                {
                    "noteStrum": 6596.19450317125,
                    "noteData": 2,
                    "noteSus": 0
                },
                {
                    "noteStrum": 7441.86046511628,
                    "noteData": 1,
                    "noteSus": 0
                },
                {
                    "noteStrum": 7653.27695560254,
                    "noteData": 0,
                    "noteSus": 0
                },
                {
                    "noteStrum": 7653.27695560254,
                    "noteData": 2,
                    "noteSus": 253.69978858351
                },
                {
                    "noteStrum": 7653.27695560254,
                    "noteData": 3,
                    "noteSus": 0
                },
                {
                    "noteStrum": 6342.49471458774,
                    "noteData": 7,
                    "noteSus": 126.849894291755
                },
                {
                    "noteStrum": 6596.19450317125,
                    "noteData": 5,
                    "noteSus": 0
                },
                {
                    "noteStrum": 6596.19450317125,
                    "noteData": 4,
                    "noteSus": 0
                },
                {
                    "noteStrum": 6596.19450317125,
                    "noteData": 6,
                    "noteSus": 0
                },
                {
                    "noteStrum": 7441.86046511628,
                    "noteData": 5,
                    "noteSus": 0
                },
                {
                    "noteStrum": 7653.27695560254,
                    "noteData": 4,
                    "noteSus": 0
                },
                {
                    "noteStrum": 7653.27695560254,
                    "noteData": 6,
                    "noteSus": 253.69978858351
                },
                {
                    "noteStrum": 7653.27695560254,
                    "noteData": 7,
                    "noteSus": 0
                }
            ],
            "changeTimeScale": false,
            "timeScale": [
                4,
                4
            ],
            "changeBPM": false,
            "bpm": 118.25
        },
        {
            "sectionNotes": [
                {
                    "noteStrum": 8160.67653276956,
                    "noteData": 3,
                    "noteSus": 253.69978858351
                },
                {
                    "noteStrum": 8668.07610993658,
                    "noteData": 1,
                    "noteSus": 253.69978858351
                },
                {
                    "noteStrum": 8668.07610993658,
                    "noteData": 0,
                    "noteSus": 0
                },
                {
                    "noteStrum": 9175.47568710359,
                    "noteData": 0,
                    "noteSus": 253.69978858351
                },
                {
                    "noteStrum": 9725.15856236786,
                    "noteData": 2,
                    "noteSus": 126.849894291755
                },
                {
                    "noteStrum": 9725.15856236786,
                    "noteData": 1,
                    "noteSus": 0
                },
                {
                    "noteStrum": 8668.07610993658,
                    "noteData": 2,
                    "noteSus": 0
                },
                {
                    "noteStrum": 8160.67653276956,
                    "noteData": 7,
                    "noteSus": 253.69978858351
                },
                {
                    "noteStrum": 8668.07610993658,
                    "noteData": 5,
                    "noteSus": 253.69978858351
                },
                {
                    "noteStrum": 8668.07610993658,
                    "noteData": 4,
                    "noteSus": 0
                },
                {
                    "noteStrum": 9175.47568710359,
                    "noteData": 4,
                    "noteSus": 253.69978858351
                },
                {
                    "noteStrum": 9725.15856236786,
                    "noteData": 6,
                    "noteSus": 126.849894291755
                },
                {
                    "noteStrum": 9725.15856236786,
                    "noteData": 5,
                    "noteSus": 0
                },
                {
                    "noteStrum": 8668.07610993658,
                    "noteData": 6,
                    "noteSus": 0
                }
            ],
            "changeTimeScale": false,
            "timeScale": [
                4,
                4
            ],
            "changeBPM": false,
            "bpm": 118.25
        },
        {
            "sectionNotes": [
                {
                    "noteStrum": 10232.5581395349,
                    "noteData": 3,
                    "noteSus": 126.849894291755
                },
                {
                    "noteStrum": 10486.2579281184,
                    "noteData": 2,
                    "noteSus": 126.849894291755
                },
                {
                    "noteStrum": 10739.9577167019,
                    "noteData": 0,
                    "noteSus": 0
                },
                {
                    "noteStrum": 10739.9577167019,
                    "noteData": 1,
                    "noteSus": 0
                },
                {
                    "noteStrum": 11035.9408033827,
                    "noteData": 2,
                    "noteSus": 126.849894291755
                },
                {
                    "noteStrum": 11543.3403805497,
                    "noteData": 1,
                    "noteSus": 0
                },
                {
                    "noteStrum": 11712.4735729387,
                    "noteData": 2,
                    "noteSus": 0
                },
                {
                    "noteStrum": 11712.4735729387,
                    "noteData": 3,
                    "noteSus": 0
                },
                {
                    "noteStrum": 12050.7399577167,
                    "noteData": 0,
                    "noteSus": 0
                },
                {
                    "noteStrum": 10232.5581395349,
                    "noteData": 7,
                    "noteSus": 126.849894291755
                },
                {
                    "noteStrum": 10486.2579281184,
                    "noteData": 6,
                    "noteSus": 126.849894291755
                },
                {
                    "noteStrum": 10739.9577167019,
                    "noteData": 4,
                    "noteSus": 0
                },
                {
                    "noteStrum": 10739.9577167019,
                    "noteData": 5,
                    "noteSus": 0
                },
                {
                    "noteStrum": 11035.9408033827,
                    "noteData": 6,
                    "noteSus": 126.849894291755
                },
                {
                    "noteStrum": 11543.3403805497,
                    "noteData": 5,
                    "noteSus": 0
                },
                {
                    "noteStrum": 11712.4735729387,
                    "noteData": 6,
                    "noteSus": 0
                },
                {
                    "noteStrum": 11712.4735729387,
                    "noteData": 7,
                    "noteSus": 0
                },
                {
                    "noteStrum": 12050.7399577167,
                    "noteData": 4,
                    "noteSus": 0
                }
            ],
            "changeTimeScale": false,
            "timeScale": [
                4,
                4
            ],
            "changeBPM": false,
            "bpm": 118.25
        },
        {
            "sectionNotes": [
                {
                    "noteStrum": 12177.5898520085,
                    "noteData": 2,
                    "noteSus": 0
                },
                {
                    "noteStrum": 12431.289640592,
                    "noteData": 3,
                    "noteSus": 126.849894291755
                },
                {
                    "noteStrum": 12727.2727272727,
                    "noteData": 0,
                    "noteSus": 0
                },
                {
                    "noteStrum": 12727.2727272727,
                    "noteData": 2,
                    "noteSus": 0
                },
                {
                    "noteStrum": 13065.5391120507,
                    "noteData": 1,
                    "noteSus": 0
                },
                {
                    "noteStrum": 13276.955602537,
                    "noteData": 3,
                    "noteSus": 126.849894291755
                },
                {
                    "noteStrum": 13784.355179704,
                    "noteData": 0,
                    "noteSus": 126.849894291755
                },
                {
                    "noteStrum": 13784.355179704,
                    "noteData": 2,
                    "noteSus": 126.849894291755
                },
                {
                    "noteStrum": 12177.5898520085,
                    "noteData": 6,
                    "noteSus": 0
                },
                {
                    "noteStrum": 12431.289640592,
                    "noteData": 7,
                    "noteSus": 126.849894291755
                },
                {
                    "noteStrum": 12727.2727272727,
                    "noteData": 4,
                    "noteSus": 0
                },
                {
                    "noteStrum": 12727.2727272727,
                    "noteData": 6,
                    "noteSus": 0
                },
                {
                    "noteStrum": 13065.5391120507,
                    "noteData": 5,
                    "noteSus": 0
                },
                {
                    "noteStrum": 13276.955602537,
                    "noteData": 7,
                    "noteSus": 126.849894291755
                },
                {
                    "noteStrum": 13784.355179704,
                    "noteData": 4,
                    "noteSus": 126.849894291755
                },
                {
                    "noteStrum": 13784.355179704,
                    "noteData": 6,
                    "noteSus": 126.849894291755
                }
            ],
            "changeTimeScale": false,
            "timeScale": [
                4,
                4
            ],
            "changeBPM": false,
            "bpm": 118.25
        },
        {
            "sectionNotes": [
                {
                    "noteStrum": 14207.1881606765,
                    "noteData": 1,
                    "noteSus": 0
                },
                {
                    "noteStrum": 14460.88794926,
                    "noteData": 2,
                    "noteSus": 0
                },
                {
                    "noteStrum": 15221.9873150106,
                    "noteData": 3,
                    "noteSus": 0
                },
                {
                    "noteStrum": 15475.6871035941,
                    "noteData": 1,
                    "noteSus": 0
                },
                {
                    "noteStrum": 14968.2875264271,
                    "noteData": 1,
                    "noteSus": 0
                },
                {
                    "noteStrum": 15687.1035940803,
                    "noteData": 0,
                    "noteSus": 0
                },
                {
                    "noteStrum": 15983.0866807611,
                    "noteData": 3,
                    "noteSus": 126.849894291755
                },
                {
                    "noteStrum": 14714.5877378436,
                    "noteData": 0,
                    "noteSus": 0
                },
                {
                    "noteStrum": 14714.5877378436,
                    "noteData": 3,
                    "noteSus": 0
                },
                {
                    "noteStrum": 15687.1035940803,
                    "noteData": 2,
                    "noteSus": 0
                },
                {
                    "noteStrum": 14207.1881606765,
                    "noteData": 5,
                    "noteSus": 0
                },
                {
                    "noteStrum": 14460.88794926,
                    "noteData": 6,
                    "noteSus": 0
                },
                {
                    "noteStrum": 15221.9873150106,
                    "noteData": 7,
                    "noteSus": 0
                },
                {
                    "noteStrum": 15475.6871035941,
                    "noteData": 5,
                    "noteSus": 0
                },
                {
                    "noteStrum": 14968.2875264271,
                    "noteData": 5,
                    "noteSus": 0
                },
                {
                    "noteStrum": 15687.1035940803,
                    "noteData": 4,
                    "noteSus": 0
                },
                {
                    "noteStrum": 15983.0866807611,
                    "noteData": 7,
                    "noteSus": 126.849894291755
                },
                {
                    "noteStrum": 14714.5877378436,
                    "noteData": 4,
                    "noteSus": 0
                },
                {
                    "noteStrum": 14714.5877378436,
                    "noteData": 7,
                    "noteSus": 0
                },
                {
                    "noteStrum": 15687.1035940803,
                    "noteData": 6,
                    "noteSus": 0
                }
            ],
            "changeTimeScale": false,
            "timeScale": [
                4,
                4
            ],
            "changeBPM": false,
            "bpm": 118.25
        },
        {
            "sectionNotes": [],
            "changeTimeScale": false,
            "timeScale": [
                4,
                4
            ],
            "changeBPM": false,
            "bpm": 118.25
        },
        {
            "sectionNotes": [],
            "changeTimeScale": false,
            "timeScale": [
                4,
                4
            ],
            "changeBPM": false,
            "bpm": 118.25
        },
        {
            "sectionNotes": [],
            "changeTimeScale": false,
            "timeScale": [
                4,
                4
            ],
            "changeBPM": false,
            "bpm": 118.25
        },
        {
            "sectionNotes": [],
            "changeTimeScale": false,
            "timeScale": [
                4,
                4
            ],
            "changeBPM": false,
            "bpm": 118.25
        },
        {
            "sectionNotes": [],
            "changeTimeScale": false,
            "timeScale": [
                4,
                4
            ],
            "changeBPM": false,
            "bpm": 118.25
        },
        {
            "sectionNotes": [],
            "changeTimeScale": false,
            "timeScale": [
                4,
                4
            ],
            "changeBPM": false,
            "bpm": 118.25
        },
        {
            "sectionNotes": [],
            "changeTimeScale": false,
            "timeScale": [
                4,
                4
            ],
            "changeBPM": false,
            "bpm": 118.25
        },
        {
            "sectionNotes": [],
            "changeTimeScale": false,
            "timeScale": [
                4,
                4
            ],
            "changeBPM": false,
            "bpm": 118.25
        },
        {
            "sectionNotes": [],
            "changeTimeScale": false,
            "timeScale": [
                4,
                4
            ],
            "changeBPM": false,
            "bpm": 118.25
        },
        {
            "sectionNotes": [],
            "changeTimeScale": false,
            "timeScale": [
                4,
                4
            ],
            "changeBPM": false,
            "bpm": 118.25
        },
        {
            "sectionNotes": [],
            "changeTimeScale": false,
            "timeScale": [
                4,
                4
            ],
            "changeBPM": false,
            "bpm": 118.25
        },
        {
            "sectionNotes": [],
            "changeTimeScale": false,
            "timeScale": [
                4,
                4
            ],
            "changeBPM": false,
            "bpm": 118.25
        },
        {
            "sectionNotes": [],
            "changeTimeScale": false,
            "timeScale": [
                4,
                4
            ],
            "changeBPM": false,
            "bpm": 118.25
        },
        {
            "sectionNotes": [],
            "changeTimeScale": false,
            "timeScale": [
                4,
                4
            ],
            "changeBPM": false,
            "bpm": 118.25
        },
        {
            "sectionNotes": [],
            "changeTimeScale": false,
            "timeScale": [
                4,
                4
            ],
            "changeBPM": false,
            "bpm": 118.25
        },
        {
            "sectionNotes": [],
            "changeTimeScale": false,
            "timeScale": [
                4,
                4
            ],
            "changeBPM": false,
            "bpm": 118.25
        },
        {
            "sectionNotes": [],
            "changeTimeScale": false,
            "timeScale": [
                4,
                4
            ],
            "changeBPM": false,
            "bpm": 118.25
        },
        {
            "sectionNotes": [],
            "changeTimeScale": false,
            "timeScale": [
                4,
                4
            ],
            "changeBPM": false,
            "bpm": 118.25
        },
        {
            "sectionNotes": [],
            "changeTimeScale": false,
            "timeScale": [
                4,
                4
            ],
            "changeBPM": false,
            "bpm": 118.25
        },
        {
            "sectionNotes": [],
            "changeTimeScale": false,
            "timeScale": [
                4,
                4
            ],
            "changeBPM": false,
            "bpm": 118.25
        },
        {
            "sectionNotes": [],
            "changeTimeScale": false,
            "timeScale": [
                4,
                4
            ],
            "changeBPM": false,
            "bpm": 118.25
        },
        {
            "sectionNotes": [],
            "changeTimeScale": false,
            "timeScale": [
                4,
                4
            ],
            "changeBPM": false,
            "bpm": 118.25
        },
        {
            "sectionNotes": [],
            "changeTimeScale": false,
            "timeScale": [
                4,
                4
            ],
            "changeBPM": false,
            "bpm": 118.25
        },
        {
            "sectionNotes": [],
            "changeTimeScale": false,
            "timeScale": [
                4,
                4
            ],
            "changeBPM": false,
            "bpm": 118.25
        },
        {
            "sectionNotes": [],
            "changeTimeScale": false,
            "timeScale": [
                4,
                4
            ],
            "changeBPM": false,
            "bpm": 100
        },
        {
            "sectionNotes": [],
            "changeTimeScale": false,
            "timeScale": [
                4,
                4
            ],
            "changeBPM": false,
            "bpm": 100
        },
        {
            "sectionNotes": [],
            "changeTimeScale": false,
            "timeScale": [
                4,
                4
            ],
            "changeBPM": false,
            "bpm": 100
        },
        {
            "sectionNotes": [],
            "changeTimeScale": false,
            "timeScale": [
                4,
                4
            ],
            "changeBPM": false,
            "bpm": 100
        },
        {
            "sectionNotes": [],
            "changeTimeScale": false,
            "timeScale": [
                4,
                4
            ],
            "changeBPM": false,
            "bpm": 100
        },
        {
            "sectionNotes": [],
            "changeTimeScale": false,
            "timeScale": [
                4,
                4
            ],
            "changeBPM": false,
            "bpm": 100
        },
        {
            "sectionNotes": [],
            "changeTimeScale": false,
            "timeScale": [
                4,
                4
            ],
            "changeBPM": false,
            "bpm": 100
        }
    ],
    "song": "Anti-cheat-song",
    "sections": 0,
    "speed": 3,
    "bpm": 118.25
}