{
    "keyCount": 4,
    "sectionLengths": [
        16,
        16,
        16,
        16,
        16,
        16,
        16,
        16,
        16,
        16,
        16,
        16,
        16,
        16,
        16,
        16,
        16,
        16,
        16,
        16,
        16,
        16,
        16,
        16,
        16,
        16,
        16,
        16,
        16,
        16,
        16,
        16,
        16,
        16,
        16,
        16,
        16,
        16,
        16,
        16,
        16,
        16,
        16,
        16,
        16,
        16,
        16,
        16,
        16,
        16,
        16,
        16,
        16,
        16,
        16,
        16,
        16,
        16,
        16,
        16,
        16,
        16,
        16,
        16,
        16,
        16,
        16,
        16,
        16,
        16,
        16,
        16,
        16,
        16,
        16,
        16,
        16,
        16,
        16,
        16,
        16,
        16,
        16,
        16,
        16,
        16,
        16,
        16,
        16
    ],
    "timescale": [
        4,
        4
    ],
    "notes": [
        {
            "sectionNotes": [],
            "changeTimeScale": false,
            "timeScale": [
                4,
                4
            ],
            "changeBPM": false,
            "bpm": 180
        },
        {
            "sectionNotes": [
                {
                    "noteStrum": 0,
                    "noteData": 1,
                    "noteSus": 0
                },
                {
                    "noteStrum": 333.333333333333,
                    "noteData": 3,
                    "noteSus": 0
                },
                {
                    "noteStrum": 500,
                    "noteData": 1,
                    "noteSus": 0
                },
                {
                    "noteStrum": 666.666666666667,
                    "noteData": 3,
                    "noteSus": 0
                },
                {
                    "noteStrum": 833.333333333333,
                    "noteData": 2,
                    "noteSus": 0
                }
            ],
            "changeTimeScale": false,
            "timeScale": [
                4,
                4
            ],
            "changeBPM": null,
            "bpm": 0
        },
        {
            "sectionNotes": [
                {
                    "noteStrum": 1333.33333333333,
                    "noteData": 1,
                    "noteSus": 0
                },
                {
                    "noteStrum": 1666.66666666667,
                    "noteData": 2,
                    "noteSus": 0
                },
                {
                    "noteStrum": 2000,
                    "noteData": 3,
                    "noteSus": 0
                },
                {
                    "noteStrum": 2166.66666666667,
                    "noteData": 1,
                    "noteSus": 0
                },
                {
                    "noteStrum": 2333.33333333333,
                    "noteData": 0,
                    "noteSus": 0
                }
            ],
            "changeTimeScale": false,
            "timeScale": [
                4,
                4
            ],
            "changeBPM": null,
            "bpm": 0
        },
        {
            "sectionNotes": [
                {
                    "noteStrum": 2666.66666666667,
                    "noteData": 1,
                    "noteSus": 0
                },
                {
                    "noteStrum": 3000,
                    "noteData": 3,
                    "noteSus": 0
                },
                {
                    "noteStrum": 3166.66666666667,
                    "noteData": 0,
                    "noteSus": 0
                },
                {
                    "noteStrum": 3333.33333333333,
                    "noteData": 3,
                    "noteSus": 0
                },
                {
                    "noteStrum": 3500,
                    "noteData": 2,
                    "noteSus": 0
                }
            ],
            "changeTimeScale": false,
            "timeScale": [
                4,
                4
            ],
            "changeBPM": null,
            "bpm": 0
        },
        {
            "sectionNotes": [
                {
                    "noteStrum": 4000,
                    "noteData": 1,
                    "noteSus": 0
                },
                {
                    "noteStrum": 4333.33333333333,
                    "noteData": 2,
                    "noteSus": 0
                },
                {
                    "noteStrum": 4666.66666666667,
                    "noteData": 7,
                    "noteSus": 0
                },
                {
                    "noteStrum": 4833.33333333333,
                    "noteData": 1,
                    "noteSus": 0
                },
                {
                    "noteStrum": 5000,
                    "noteData": 0,
                    "noteSus": 0
                },
                {
                    "noteStrum": 5166.66666666667,
                    "noteData": 0,
                    "noteSus": 0
                }
            ],
            "changeTimeScale": false,
            "timeScale": [
                4,
                4
            ],
            "changeBPM": null,
            "bpm": 0
        },
        {
            "sectionNotes": [
                {
                    "noteStrum": 5333.33333333333,
                    "noteData": 1,
                    "noteSus": 0
                },
                {
                    "noteStrum": 5666.66666666667,
                    "noteData": 3,
                    "noteSus": 0
                },
                {
                    "noteStrum": 5833.33333333333,
                    "noteData": 1,
                    "noteSus": 0
                },
                {
                    "noteStrum": 6000,
                    "noteData": 3,
                    "noteSus": 0
                },
                {
                    "noteStrum": 6166.66666666667,
                    "noteData": 2,
                    "noteSus": 0
                }
            ],
            "changeTimeScale": false,
            "timeScale": [
                4,
                4
            ],
            "changeBPM": null,
            "bpm": 0
        },
        {
            "sectionNotes": [
                {
                    "noteStrum": 6666.66666666666,
                    "noteData": 1,
                    "noteSus": 0
                },
                {
                    "noteStrum": 6833.33333333333,
                    "noteData": 1,
                    "noteSus": 0
                },
                {
                    "noteStrum": 7000,
                    "noteData": 2,
                    "noteSus": 0
                },
                {
                    "noteStrum": 7333.33333333333,
                    "noteData": 3,
                    "noteSus": 0
                },
                {
                    "noteStrum": 7500,
                    "noteData": 1,
                    "noteSus": 0
                },
                {
                    "noteStrum": 7666.66666666667,
                    "noteData": 0,
                    "noteSus": 0
                }
            ],
            "changeTimeScale": false,
            "timeScale": [
                4,
                4
            ],
            "changeBPM": null,
            "bpm": 0
        },
        {
            "sectionNotes": [
                {
                    "noteStrum": 8000,
                    "noteData": 1,
                    "noteSus": 0
                },
                {
                    "noteStrum": 8333.33333333333,
                    "noteData": 3,
                    "noteSus": 0
                },
                {
                    "noteStrum": 8500,
                    "noteData": 0,
                    "noteSus": 0
                },
                {
                    "noteStrum": 8666.66666666667,
                    "noteData": 7,
                    "noteSus": 0
                },
                {
                    "noteStrum": 8833.33333333333,
                    "noteData": 2,
                    "noteSus": 0
                }
            ],
            "changeTimeScale": false,
            "timeScale": [
                4,
                4
            ],
            "changeBPM": null,
            "bpm": 0
        },
        {
            "sectionNotes": [
                {
                    "noteStrum": 9333.33333333333,
                    "noteData": 1,
                    "noteSus": 0
                },
                {
                    "noteStrum": 9666.66666666666,
                    "noteData": 2,
                    "noteSus": 0
                },
                {
                    "noteStrum": 10000,
                    "noteData": 0,
                    "noteSus": 0
                },
                {
                    "noteStrum": 10166.6666666667,
                    "noteData": 1,
                    "noteSus": 0
                },
                {
                    "noteStrum": 10333.3333333333,
                    "noteData": 5,
                    "noteSus": 0
                }
            ],
            "changeTimeScale": false,
            "timeScale": [
                4,
                4
            ],
            "changeBPM": null,
            "bpm": 0
        },
        {
            "sectionNotes": [
                {
                    "noteStrum": 10666.6666666667,
                    "noteData": 7,
                    "noteSus": 0
                },
                {
                    "noteStrum": 11000,
                    "noteData": 3,
                    "noteSus": 0
                },
                {
                    "noteStrum": 11166.6666666667,
                    "noteData": 1,
                    "noteSus": 0
                },
                {
                    "noteStrum": 11500,
                    "noteData": 0,
                    "noteSus": 0
                }
            ],
            "changeTimeScale": false,
            "timeScale": [
                4,
                4
            ],
            "changeBPM": null,
            "bpm": 0
        },
        {
            "sectionNotes": [
                {
                    "noteStrum": 12000,
                    "noteData": 1,
                    "noteSus": 0
                },
                {
                    "noteStrum": 12333.3333333333,
                    "noteData": 2,
                    "noteSus": 0
                },
                {
                    "noteStrum": 12833.3333333333,
                    "noteData": 1,
                    "noteSus": 0
                },
                {
                    "noteStrum": 13000,
                    "noteData": 3,
                    "noteSus": 0
                }
            ],
            "changeTimeScale": false,
            "timeScale": [
                4,
                4
            ],
            "changeBPM": null,
            "bpm": 0
        },
        {
            "sectionNotes": [
                {
                    "noteStrum": 13333.3333333333,
                    "noteData": 0,
                    "noteSus": 0
                },
                {
                    "noteStrum": 13666.6666666667,
                    "noteData": 3,
                    "noteSus": 0
                },
                {
                    "noteStrum": 13833.3333333333,
                    "noteData": 1,
                    "noteSus": 0
                },
                {
                    "noteStrum": 14166.6666666667,
                    "noteData": 3,
                    "noteSus": 0
                }
            ],
            "changeTimeScale": false,
            "timeScale": [
                4,
                4
            ],
            "changeBPM": null,
            "bpm": 0
        },
        {
            "sectionNotes": [
                {
                    "noteStrum": 14666.6666666667,
                    "noteData": 1,
                    "noteSus": 0
                },
                {
                    "noteStrum": 15000,
                    "noteData": 7,
                    "noteSus": 0
                },
                {
                    "noteStrum": 15041.6666666667,
                    "noteData": 6,
                    "noteSus": 0
                },
                {
                    "noteStrum": 15083.3333333333,
                    "noteData": 7,
                    "noteSus": 0
                },
                {
                    "noteStrum": 15500,
                    "noteData": 3,
                    "noteSus": 0
                },
                {
                    "noteStrum": 15666.6666666667,
                    "noteData": 1,
                    "noteSus": 0
                }
            ],
            "changeTimeScale": false,
            "timeScale": [
                4,
                4
            ],
            "changeBPM": null,
            "bpm": 0
        },
        {
            "sectionNotes": [
                {
                    "noteStrum": 16000,
                    "noteData": 2,
                    "noteSus": 0
                },
                {
                    "noteStrum": 16333.3333333333,
                    "noteData": 3,
                    "noteSus": 0
                },
                {
                    "noteStrum": 16500,
                    "noteData": 0,
                    "noteSus": 0
                },
                {
                    "noteStrum": 16833.3333333333,
                    "noteData": 2,
                    "noteSus": 0
                }
            ],
            "changeTimeScale": false,
            "timeScale": [
                4,
                4
            ],
            "changeBPM": null,
            "bpm": 0
        },
        {
            "sectionNotes": [
                {
                    "noteStrum": 17333.3333333333,
                    "noteData": 1,
                    "noteSus": 0
                },
                {
                    "noteStrum": 17500,
                    "noteData": 1,
                    "noteSus": 0
                },
                {
                    "noteStrum": 17666.6666666667,
                    "noteData": 0,
                    "noteSus": 0
                },
                {
                    "noteStrum": 18166.6666666667,
                    "noteData": 3,
                    "noteSus": 0
                },
                {
                    "noteStrum": 18333.3333333333,
                    "noteData": 7,
                    "noteSus": 0
                }
            ],
            "changeTimeScale": false,
            "timeScale": [
                4,
                4
            ],
            "changeBPM": null,
            "bpm": 0
        },
        {
            "sectionNotes": [
                {
                    "noteStrum": 18666.6666666667,
                    "noteData": 1,
                    "noteSus": 0
                },
                {
                    "noteStrum": 19000,
                    "noteData": 0,
                    "noteSus": 0
                },
                {
                    "noteStrum": 19166.6666666667,
                    "noteData": 3,
                    "noteSus": 0
                },
                {
                    "noteStrum": 19500,
                    "noteData": 2,
                    "noteSus": 0
                }
            ],
            "changeTimeScale": false,
            "timeScale": [
                4,
                4
            ],
            "changeBPM": null,
            "bpm": 0
        },
        {
            "sectionNotes": [
                {
                    "noteStrum": 20000,
                    "noteData": 3,
                    "noteSus": 0
                },
                {
                    "noteStrum": 20333.3333333333,
                    "noteData": 0,
                    "noteSus": 0
                },
                {
                    "noteStrum": 20500,
                    "noteData": 1,
                    "noteSus": 0
                },
                {
                    "noteStrum": 20666.6666666667,
                    "noteData": 0,
                    "noteSus": 0
                },
                {
                    "noteStrum": 20833.3333333333,
                    "noteData": 2,
                    "noteSus": 0
                },
                {
                    "noteStrum": 21000,
                    "noteData": 0,
                    "noteSus": 0
                },
                {
                    "noteStrum": 21166.6666666667,
                    "noteData": 5,
                    "noteSus": 0
                }
            ],
            "changeTimeScale": false,
            "timeScale": [
                4,
                4
            ],
            "changeBPM": null,
            "bpm": 0
        },
        {
            "sectionNotes": [
                {
                    "noteStrum": 21333.3333333333,
                    "noteData": 7,
                    "noteSus": 0
                },
                {
                    "noteStrum": 21666.6666666667,
                    "noteData": 3,
                    "noteSus": 0
                },
                {
                    "noteStrum": 21833.3333333333,
                    "noteData": 0,
                    "noteSus": 0
                },
                {
                    "noteStrum": 22166.6666666667,
                    "noteData": 1,
                    "noteSus": 0
                },
                {
                    "noteStrum": 22333.3333333333,
                    "noteData": 3,
                    "noteSus": 0
                }
            ],
            "changeTimeScale": false,
            "timeScale": [
                4,
                4
            ],
            "changeBPM": null,
            "bpm": 0
        },
        {
            "sectionNotes": [
                {
                    "noteStrum": 22666.6666666667,
                    "noteData": 0,
                    "noteSus": 0
                },
                {
                    "noteStrum": 23000,
                    "noteData": 2,
                    "noteSus": 0
                },
                {
                    "noteStrum": 23500,
                    "noteData": 1,
                    "noteSus": 0
                },
                {
                    "noteStrum": 23666.6666666667,
                    "noteData": 2,
                    "noteSus": 0
                }
            ],
            "changeTimeScale": false,
            "timeScale": [
                4,
                4
            ],
            "changeBPM": null,
            "bpm": 0
        },
        {
            "sectionNotes": [
                {
                    "noteStrum": 24000,
                    "noteData": 0,
                    "noteSus": 0
                },
                {
                    "noteStrum": 24333.3333333333,
                    "noteData": 3,
                    "noteSus": 0
                },
                {
                    "noteStrum": 24500,
                    "noteData": 2,
                    "noteSus": 0
                },
                {
                    "noteStrum": 24833.3333333333,
                    "noteData": 0,
                    "noteSus": 0
                }
            ],
            "changeTimeScale": false,
            "timeScale": [
                4,
                4
            ],
            "changeBPM": null,
            "bpm": 0
        },
        {
            "sectionNotes": [
                {
                    "noteStrum": 25333.3333333334,
                    "noteData": 1,
                    "noteSus": 0
                },
                {
                    "noteStrum": 25666.6666666667,
                    "noteData": 2,
                    "noteSus": 0
                },
                {
                    "noteStrum": 26166.6666666667,
                    "noteData": 0,
                    "noteSus": 0
                },
                {
                    "noteStrum": 26333.3333333333,
                    "noteData": 2,
                    "noteSus": 0
                },
                {
                    "noteStrum": 26500,
                    "noteData": 3,
                    "noteSus": 0
                }
            ],
            "changeTimeScale": false,
            "timeScale": [
                4,
                4
            ],
            "changeBPM": null,
            "bpm": 0
        },
        {
            "sectionNotes": [
                {
                    "noteStrum": 26666.6666666667,
                    "noteData": 2,
                    "noteSus": 0
                },
                {
                    "noteStrum": 27000.0000000001,
                    "noteData": 3,
                    "noteSus": 0
                },
                {
                    "noteStrum": 27166.6666666667,
                    "noteData": 0,
                    "noteSus": 0
                },
                {
                    "noteStrum": 27500.0000000001,
                    "noteData": 1,
                    "noteSus": 0
                },
                {
                    "noteStrum": 27666.6666666667,
                    "noteData": 3,
                    "noteSus": 0
                }
            ],
            "changeTimeScale": false,
            "timeScale": [
                4,
                4
            ],
            "changeBPM": null,
            "bpm": 0
        },
        {
            "sectionNotes": [
                {
                    "noteStrum": 28000,
                    "noteData": 0,
                    "noteSus": 0
                },
                {
                    "noteStrum": 28333.3333333334,
                    "noteData": 2,
                    "noteSus": 0
                },
                {
                    "noteStrum": 28833.3333333333,
                    "noteData": 1,
                    "noteSus": 0
                },
                {
                    "noteStrum": 29000,
                    "noteData": 3,
                    "noteSus": 0
                },
                {
                    "noteStrum": 29125,
                    "noteData": 0,
                    "noteSus": 0
                },
                {
                    "noteStrum": 29250,
                    "noteData": 3,
                    "noteSus": 0
                }
            ],
            "changeTimeScale": false,
            "timeScale": [
                4,
                4
            ],
            "changeBPM": null,
            "bpm": 0
        },
        {
            "sectionNotes": [
                {
                    "noteStrum": 29333.3333333333,
                    "noteData": 1,
                    "noteSus": 0
                },
                {
                    "noteStrum": 29500,
                    "noteData": 7,
                    "noteSus": 0
                },
                {
                    "noteStrum": 29666.6666666667,
                    "noteData": 0,
                    "noteSus": 0
                },
                {
                    "noteStrum": 29833.3333333333,
                    "noteData": 3,
                    "noteSus": 0
                },
                {
                    "noteStrum": 30166.6666666667,
                    "noteData": 2,
                    "noteSus": 0
                }
            ],
            "changeTimeScale": false,
            "timeScale": [
                4,
                4
            ],
            "changeBPM": null,
            "bpm": 0
        },
        {
            "sectionNotes": [
                {
                    "noteStrum": 30666.6666666667,
                    "noteData": 3,
                    "noteSus": 0
                },
                {
                    "noteStrum": 31166.6666666667,
                    "noteData": 1,
                    "noteSus": 0
                },
                {
                    "noteStrum": 31666.6666666667,
                    "noteData": 0,
                    "noteSus": 0
                }
            ],
            "changeTimeScale": false,
            "timeScale": [
                4,
                4
            ],
            "changeBPM": null,
            "bpm": 0
        },
        {
            "sectionNotes": [
                {
                    "noteStrum": 32000,
                    "noteData": 7,
                    "noteSus": 0
                },
                {
                    "noteStrum": 32333.3333333333,
                    "noteData": 3,
                    "noteSus": 0
                },
                {
                    "noteStrum": 32500,
                    "noteData": 1,
                    "noteSus": 0
                },
                {
                    "noteStrum": 32666.6666666667,
                    "noteData": 3,
                    "noteSus": 0
                },
                {
                    "noteStrum": 32833.3333333333,
                    "noteData": 2,
                    "noteSus": 0
                }
            ],
            "changeTimeScale": false,
            "timeScale": [
                4,
                4
            ],
            "changeBPM": null,
            "bpm": 0
        },
        {
            "sectionNotes": [
                {
                    "noteStrum": 33333.3333333333,
                    "noteData": 1,
                    "noteSus": 0
                },
                {
                    "noteStrum": 33500,
                    "noteData": 1,
                    "noteSus": 0
                },
                {
                    "noteStrum": 33666.6666666667,
                    "noteData": 2,
                    "noteSus": 0
                },
                {
                    "noteStrum": 34000,
                    "noteData": 3,
                    "noteSus": 0
                },
                {
                    "noteStrum": 34166.6666666667,
                    "noteData": 1,
                    "noteSus": 0
                },
                {
                    "noteStrum": 34333.3333333333,
                    "noteData": 0,
                    "noteSus": 0
                }
            ],
            "changeTimeScale": false,
            "timeScale": [
                4,
                4
            ],
            "changeBPM": null,
            "bpm": 0
        },
        {
            "sectionNotes": [
                {
                    "noteStrum": 34666.6666666667,
                    "noteData": 1,
                    "noteSus": 0
                },
                {
                    "noteStrum": 35000,
                    "noteData": 3,
                    "noteSus": 0
                },
                {
                    "noteStrum": 35166.6666666667,
                    "noteData": 0,
                    "noteSus": 0
                },
                {
                    "noteStrum": 35333.3333333333,
                    "noteData": 7,
                    "noteSus": 0
                },
                {
                    "noteStrum": 35500,
                    "noteData": 2,
                    "noteSus": 0
                }
            ],
            "changeTimeScale": false,
            "timeScale": [
                4,
                4
            ],
            "changeBPM": null,
            "bpm": 0
        },
        {
            "sectionNotes": [
                {
                    "noteStrum": 36000,
                    "noteData": 1,
                    "noteSus": 0
                },
                {
                    "noteStrum": 36333.3333333333,
                    "noteData": 2,
                    "noteSus": 0
                },
                {
                    "noteStrum": 36666.6666666667,
                    "noteData": 0,
                    "noteSus": 0
                },
                {
                    "noteStrum": 36833.3333333334,
                    "noteData": 1,
                    "noteSus": 0
                },
                {
                    "noteStrum": 37000,
                    "noteData": 0,
                    "noteSus": 0
                },
                {
                    "noteStrum": 37083.3333333333,
                    "noteData": 3,
                    "noteSus": 0
                },
                {
                    "noteStrum": 37166.6666666667,
                    "noteData": 2,
                    "noteSus": 0
                }
            ],
            "changeTimeScale": false,
            "timeScale": [
                4,
                4
            ],
            "changeBPM": null,
            "bpm": 0
        },
        {
            "sectionNotes": [
                {
                    "noteStrum": 37666.6666666667,
                    "noteData": 4,
                    "noteSus": 0
                }
            ],
            "changeTimeScale": false,
            "timeScale": [
                4,
                4
            ],
            "changeBPM": null,
            "bpm": 0
        },
        {
            "sectionNotes": [],
            "changeTimeScale": false,
            "timeScale": [
                4,
                4
            ],
            "changeBPM": null,
            "bpm": 0
        },
        {
            "sectionNotes": [],
            "changeTimeScale": false,
            "timeScale": [
                4,
                4
            ],
            "changeBPM": null,
            "bpm": 0
        },
        {
            "sectionNotes": [],
            "changeTimeScale": false,
            "timeScale": [
                4,
                4
            ],
            "changeBPM": null,
            "bpm": 0
        },
        {
            "sectionNotes": [
                {
                    "noteStrum": 42666.6666666667,
                    "noteData": 1,
                    "noteSus": 0
                },
                {
                    "noteStrum": 43000,
                    "noteData": 3,
                    "noteSus": 0
                },
                {
                    "noteStrum": 43166.6666666667,
                    "noteData": 1,
                    "noteSus": 0
                },
                {
                    "noteStrum": 43500,
                    "noteData": 2,
                    "noteSus": 0
                }
            ],
            "changeTimeScale": false,
            "timeScale": [
                4,
                4
            ],
            "changeBPM": null,
            "bpm": 0
        },
        {
            "sectionNotes": [
                {
                    "noteStrum": 44000,
                    "noteData": 1,
                    "noteSus": 0
                },
                {
                    "noteStrum": 44166.6666666667,
                    "noteData": 1,
                    "noteSus": 0
                },
                {
                    "noteStrum": 44333.3333333333,
                    "noteData": 2,
                    "noteSus": 0
                },
                {
                    "noteStrum": 44833.3333333333,
                    "noteData": 1,
                    "noteSus": 0
                },
                {
                    "noteStrum": 45000,
                    "noteData": 0,
                    "noteSus": 0
                }
            ],
            "changeTimeScale": false,
            "timeScale": [
                4,
                4
            ],
            "changeBPM": null,
            "bpm": 0
        },
        {
            "sectionNotes": [
                {
                    "noteStrum": 45333.3333333333,
                    "noteData": 1,
                    "noteSus": 0
                },
                {
                    "noteStrum": 45666.6666666667,
                    "noteData": 3,
                    "noteSus": 0
                },
                {
                    "noteStrum": 45833.3333333333,
                    "noteData": 0,
                    "noteSus": 0
                },
                {
                    "noteStrum": 46166.6666666667,
                    "noteData": 2,
                    "noteSus": 0
                }
            ],
            "changeTimeScale": false,
            "timeScale": [
                4,
                4
            ],
            "changeBPM": null,
            "bpm": 0
        },
        {
            "sectionNotes": [
                {
                    "noteStrum": 46666.6666666667,
                    "noteData": 1,
                    "noteSus": 0
                },
                {
                    "noteStrum": 47000,
                    "noteData": 2,
                    "noteSus": 0
                },
                {
                    "noteStrum": 47500,
                    "noteData": 1,
                    "noteSus": 0
                },
                {
                    "noteStrum": 47666.6666666666,
                    "noteData": 0,
                    "noteSus": 0
                },
                {
                    "noteStrum": 47750,
                    "noteData": 3,
                    "noteSus": 0
                },
                {
                    "noteStrum": 47833.3333333333,
                    "noteData": 2,
                    "noteSus": 0
                }
            ],
            "changeTimeScale": false,
            "timeScale": [
                4,
                4
            ],
            "changeBPM": null,
            "bpm": 0
        },
        {
            "sectionNotes": [
                {
                    "noteStrum": 48000,
                    "noteData": 1,
                    "noteSus": 0
                },
                {
                    "noteStrum": 48333.3333333333,
                    "noteData": 3,
                    "noteSus": 0
                },
                {
                    "noteStrum": 48500,
                    "noteData": 0,
                    "noteSus": 0
                },
                {
                    "noteStrum": 48583.3333333333,
                    "noteData": 1,
                    "noteSus": 0
                },
                {
                    "noteStrum": 48833.3333333333,
                    "noteData": 3,
                    "noteSus": 0
                },
                {
                    "noteStrum": 49000,
                    "noteData": 0,
                    "noteSus": 0
                }
            ],
            "changeTimeScale": false,
            "timeScale": [
                4,
                4
            ],
            "changeBPM": null,
            "bpm": 0
        },
        {
            "sectionNotes": [
                {
                    "noteStrum": 49333.3333333333,
                    "noteData": 6,
                    "noteSus": 0
                },
                {
                    "noteStrum": 49666.6666666667,
                    "noteData": 2,
                    "noteSus": 0
                },
                {
                    "noteStrum": 50166.6666666667,
                    "noteData": 2,
                    "noteSus": 0
                },
                {
                    "noteStrum": 50333.3333333333,
                    "noteData": 6,
                    "noteSus": 0
                }
            ],
            "changeTimeScale": false,
            "timeScale": [
                4,
                4
            ],
            "changeBPM": null,
            "bpm": 0
        },
        {
            "sectionNotes": [
                {
                    "noteStrum": 50666.6666666667,
                    "noteData": 0,
                    "noteSus": 0
                },
                {
                    "noteStrum": 51000,
                    "noteData": 1,
                    "noteSus": 0
                },
                {
                    "noteStrum": 51166.6666666667,
                    "noteData": 3,
                    "noteSus": 0
                },
                {
                    "noteStrum": 51500,
                    "noteData": 2,
                    "noteSus": 0
                }
            ],
            "changeTimeScale": false,
            "timeScale": [
                4,
                4
            ],
            "changeBPM": null,
            "bpm": 0
        },
        {
            "sectionNotes": [
                {
                    "noteStrum": 52000,
                    "noteData": 0,
                    "noteSus": 0
                },
                {
                    "noteStrum": 52333.3333333333,
                    "noteData": 2,
                    "noteSus": 0
                },
                {
                    "noteStrum": 52833.3333333333,
                    "noteData": 1,
                    "noteSus": 0
                },
                {
                    "noteStrum": 53000,
                    "noteData": 3,
                    "noteSus": 0
                },
                {
                    "noteStrum": 53166.6666666667,
                    "noteData": 7,
                    "noteSus": 0
                }
            ],
            "changeTimeScale": false,
            "timeScale": [
                4,
                4
            ],
            "changeBPM": null,
            "bpm": 0
        },
        {
            "sectionNotes": [
                {
                    "noteStrum": 53333.3333333333,
                    "noteData": 6,
                    "noteSus": 0
                },
                {
                    "noteStrum": 53375,
                    "noteData": 7,
                    "noteSus": 0
                },
                {
                    "noteStrum": 53416.6666666667,
                    "noteData": 6,
                    "noteSus": 0
                },
                {
                    "noteStrum": 53458.3333333333,
                    "noteData": 7,
                    "noteSus": 0
                },
                {
                    "noteStrum": 53666.6666666667,
                    "noteData": 2,
                    "noteSus": 0
                },
                {
                    "noteStrum": 53833.3333333333,
                    "noteData": 1,
                    "noteSus": 0
                },
                {
                    "noteStrum": 54166.6666666667,
                    "noteData": 0,
                    "noteSus": 0
                }
            ],
            "changeTimeScale": false,
            "timeScale": [
                4,
                4
            ],
            "changeBPM": null,
            "bpm": 0
        },
        {
            "sectionNotes": [
                {
                    "noteStrum": 54666.6666666667,
                    "noteData": 1,
                    "noteSus": 0
                },
                {
                    "noteStrum": 54833.3333333333,
                    "noteData": 2,
                    "noteSus": 0
                },
                {
                    "noteStrum": 55000,
                    "noteData": 0,
                    "noteSus": 0
                },
                {
                    "noteStrum": 55250,
                    "noteData": 1,
                    "noteSus": 0
                },
                {
                    "noteStrum": 55500,
                    "noteData": 3,
                    "noteSus": 0
                },
                {
                    "noteStrum": 55666.6666666667,
                    "noteData": 0,
                    "noteSus": 0
                }
            ],
            "changeTimeScale": false,
            "timeScale": [
                4,
                4
            ],
            "changeBPM": null,
            "bpm": 0
        },
        {
            "sectionNotes": [
                {
                    "noteStrum": 56000,
                    "noteData": 1,
                    "noteSus": 0
                },
                {
                    "noteStrum": 56333.3333333333,
                    "noteData": 3,
                    "noteSus": 0
                },
                {
                    "noteStrum": 56500,
                    "noteData": 1,
                    "noteSus": 0
                },
                {
                    "noteStrum": 56833.3333333333,
                    "noteData": 3,
                    "noteSus": 0
                },
                {
                    "noteStrum": 57083.3333333333,
                    "noteData": 2,
                    "noteSus": 0
                }
            ],
            "changeTimeScale": false,
            "timeScale": [
                4,
                4
            ],
            "changeBPM": null,
            "bpm": 0
        },
        {
            "sectionNotes": [
                {
                    "noteStrum": 57333.3333333333,
                    "noteData": 0,
                    "noteSus": 0
                },
                {
                    "noteStrum": 57583.3333333333,
                    "noteData": 0,
                    "noteSus": 0
                },
                {
                    "noteStrum": 57666.6666666667,
                    "noteData": 7,
                    "noteSus": 0
                },
                {
                    "noteStrum": 58166.6666666667,
                    "noteData": 3,
                    "noteSus": 0
                },
                {
                    "noteStrum": 58333.3333333333,
                    "noteData": 0,
                    "noteSus": 0
                },
                {
                    "noteStrum": 58416.6666666667,
                    "noteData": 3,
                    "noteSus": 0
                },
                {
                    "noteStrum": 58500,
                    "noteData": 2,
                    "noteSus": 0
                }
            ],
            "changeTimeScale": false,
            "timeScale": [
                4,
                4
            ],
            "changeBPM": null,
            "bpm": 0
        },
        {
            "sectionNotes": [
                {
                    "noteStrum": 58666.6666666667,
                    "noteData": 0,
                    "noteSus": 0
                },
                {
                    "noteStrum": 58750,
                    "noteData": 1,
                    "noteSus": 0
                },
                {
                    "noteStrum": 58833.3333333333,
                    "noteData": 3,
                    "noteSus": 0
                },
                {
                    "noteStrum": 58916.6666666667,
                    "noteData": 2,
                    "noteSus": 0
                },
                {
                    "noteStrum": 59000,
                    "noteData": 0,
                    "noteSus": 0
                },
                {
                    "noteStrum": 59083.3333333333,
                    "noteData": 3,
                    "noteSus": 0
                },
                {
                    "noteStrum": 59166.6666666667,
                    "noteData": 1,
                    "noteSus": 0
                },
                {
                    "noteStrum": 59250,
                    "noteData": 2,
                    "noteSus": 0
                },
                {
                    "noteStrum": 59333.3333333333,
                    "noteData": 3,
                    "noteSus": 0
                },
                {
                    "noteStrum": 59500,
                    "noteData": 0,
                    "noteSus": 0
                },
                {
                    "noteStrum": 59666.6666666667,
                    "noteData": 3,
                    "noteSus": 0
                }
            ],
            "changeTimeScale": false,
            "timeScale": [
                4,
                4
            ],
            "changeBPM": null,
            "bpm": 0
        },
        {
            "sectionNotes": [
                {
                    "noteStrum": 60000,
                    "noteData": 2,
                    "noteSus": 0
                },
                {
                    "noteStrum": 60333.3333333333,
                    "noteData": 3,
                    "noteSus": 0
                },
                {
                    "noteStrum": 60833.3333333333,
                    "noteData": 7,
                    "noteSus": 0
                },
                {
                    "noteStrum": 61000,
                    "noteData": 5,
                    "noteSus": 0
                }
            ],
            "changeTimeScale": false,
            "timeScale": [
                4,
                4
            ],
            "changeBPM": null,
            "bpm": 0
        },
        {
            "sectionNotes": [
                {
                    "noteStrum": 61333.3333333333,
                    "noteData": 0,
                    "noteSus": 0
                },
                {
                    "noteStrum": 61666.6666666667,
                    "noteData": 3,
                    "noteSus": 0
                },
                {
                    "noteStrum": 61833.3333333333,
                    "noteData": 0,
                    "noteSus": 0
                },
                {
                    "noteStrum": 62166.6666666667,
                    "noteData": 2,
                    "noteSus": 0
                }
            ],
            "changeTimeScale": false,
            "timeScale": [
                4,
                4
            ],
            "changeBPM": null,
            "bpm": 0
        },
        {
            "sectionNotes": [
                {
                    "noteStrum": 62666.6666666667,
                    "noteData": 0,
                    "noteSus": 0
                },
                {
                    "noteStrum": 63000,
                    "noteData": 7,
                    "noteSus": 0
                },
                {
                    "noteStrum": 63500,
                    "noteData": 3,
                    "noteSus": 0
                },
                {
                    "noteStrum": 63666.6666666667,
                    "noteData": 5,
                    "noteSus": 0
                },
                {
                    "noteStrum": 63833.3333333333,
                    "noteData": 2,
                    "noteSus": 0
                }
            ],
            "changeTimeScale": false,
            "timeScale": [
                4,
                4
            ],
            "changeBPM": null,
            "bpm": 0
        },
        {
            "sectionNotes": [
                {
                    "noteStrum": 64000,
                    "noteData": 0,
                    "noteSus": 0
                },
                {
                    "noteStrum": 64041.6666666667,
                    "noteData": 1,
                    "noteSus": 0
                },
                {
                    "noteStrum": 64083.3333333333,
                    "noteData": 0,
                    "noteSus": 0
                },
                {
                    "noteStrum": 64333.3333333333,
                    "noteData": 7,
                    "noteSus": 0
                },
                {
                    "noteStrum": 64500,
                    "noteData": 2,
                    "noteSus": 0
                },
                {
                    "noteStrum": 64833.3333333333,
                    "noteData": 0,
                    "noteSus": 0
                }
            ],
            "changeTimeScale": false,
            "timeScale": [
                4,
                4
            ],
            "changeBPM": null,
            "bpm": 0
        },
        {
            "sectionNotes": [
                {
                    "noteStrum": 65333.3333333333,
                    "noteData": 1,
                    "noteSus": 0
                },
                {
                    "noteStrum": 65500,
                    "noteData": 7,
                    "noteSus": 0
                },
                {
                    "noteStrum": 65666.6666666667,
                    "noteData": 0,
                    "noteSus": 0
                },
                {
                    "noteStrum": 65916.6666666667,
                    "noteData": 3,
                    "noteSus": 0
                },
                {
                    "noteStrum": 66166.6666666667,
                    "noteData": 1,
                    "noteSus": 0
                },
                {
                    "noteStrum": 66333.3333333333,
                    "noteData": 2,
                    "noteSus": 0
                }
            ],
            "changeTimeScale": false,
            "timeScale": [
                4,
                4
            ],
            "changeBPM": null,
            "bpm": 0
        },
        {
            "sectionNotes": [
                {
                    "noteStrum": 66666.6666666667,
                    "noteData": 7,
                    "noteSus": 0
                },
                {
                    "noteStrum": 67000,
                    "noteData": 0,
                    "noteSus": 0
                },
                {
                    "noteStrum": 67166.6666666667,
                    "noteData": 1,
                    "noteSus": 0
                },
                {
                    "noteStrum": 67500,
                    "noteData": 3,
                    "noteSus": 0
                },
                {
                    "noteStrum": 67750,
                    "noteData": 3,
                    "noteSus": 0
                }
            ],
            "changeTimeScale": false,
            "timeScale": [
                4,
                4
            ],
            "changeBPM": null,
            "bpm": 0
        },
        {
            "sectionNotes": [
                {
                    "noteStrum": 68000,
                    "noteData": 0,
                    "noteSus": 0
                },
                {
                    "noteStrum": 68250,
                    "noteData": 1,
                    "noteSus": 0
                },
                {
                    "noteStrum": 68333.3333333333,
                    "noteData": 0,
                    "noteSus": 0
                },
                {
                    "noteStrum": 68666.6666666667,
                    "noteData": 3,
                    "noteSus": 0
                },
                {
                    "noteStrum": 68833.3333333333,
                    "noteData": 2,
                    "noteSus": 0
                },
                {
                    "noteStrum": 69000,
                    "noteData": 0,
                    "noteSus": 0
                },
                {
                    "noteStrum": 69083.3333333333,
                    "noteData": 3,
                    "noteSus": 0
                },
                {
                    "noteStrum": 69166.6666666667,
                    "noteData": 2,
                    "noteSus": 0
                }
            ],
            "changeTimeScale": false,
            "timeScale": [
                4,
                4
            ],
            "changeBPM": null,
            "bpm": 0
        },
        {
            "sectionNotes": [
                {
                    "noteStrum": 69333.3333333333,
                    "noteData": 1,
                    "noteSus": 0
                },
                {
                    "noteStrum": 69666.6666666666,
                    "noteData": 3,
                    "noteSus": 0
                },
                {
                    "noteStrum": 69833.3333333333,
                    "noteData": 0,
                    "noteSus": 0
                },
                {
                    "noteStrum": 69916.6666666666,
                    "noteData": 1,
                    "noteSus": 0
                },
                {
                    "noteStrum": 70166.6666666666,
                    "noteData": 3,
                    "noteSus": 0
                },
                {
                    "noteStrum": 70333.3333333333,
                    "noteData": 0,
                    "noteSus": 0
                }
            ],
            "changeTimeScale": false,
            "timeScale": [
                4,
                4
            ],
            "changeBPM": null,
            "bpm": 0
        },
        {
            "sectionNotes": [
                {
                    "noteStrum": 70666.6666666666,
                    "noteData": 6,
                    "noteSus": 0
                },
                {
                    "noteStrum": 71000,
                    "noteData": 2,
                    "noteSus": 0
                },
                {
                    "noteStrum": 71500,
                    "noteData": 2,
                    "noteSus": 0
                },
                {
                    "noteStrum": 71666.6666666666,
                    "noteData": 6,
                    "noteSus": 0
                }
            ],
            "changeTimeScale": false,
            "timeScale": [
                4,
                4
            ],
            "changeBPM": null,
            "bpm": 0
        },
        {
            "sectionNotes": [
                {
                    "noteStrum": 72000,
                    "noteData": 0,
                    "noteSus": 0
                },
                {
                    "noteStrum": 72333.3333333333,
                    "noteData": 1,
                    "noteSus": 0
                },
                {
                    "noteStrum": 72500,
                    "noteData": 3,
                    "noteSus": 0
                },
                {
                    "noteStrum": 72833.3333333333,
                    "noteData": 2,
                    "noteSus": 0
                }
            ],
            "changeTimeScale": false,
            "timeScale": [
                4,
                4
            ],
            "changeBPM": null,
            "bpm": 0
        },
        {
            "sectionNotes": [
                {
                    "noteStrum": 73333.3333333333,
                    "noteData": 0,
                    "noteSus": 0
                },
                {
                    "noteStrum": 73666.6666666666,
                    "noteData": 2,
                    "noteSus": 0
                },
                {
                    "noteStrum": 74166.6666666666,
                    "noteData": 1,
                    "noteSus": 0
                },
                {
                    "noteStrum": 74333.3333333333,
                    "noteData": 3,
                    "noteSus": 0
                },
                {
                    "noteStrum": 74500,
                    "noteData": 7,
                    "noteSus": 0
                }
            ],
            "changeTimeScale": false,
            "timeScale": [
                4,
                4
            ],
            "changeBPM": null,
            "bpm": 0
        },
        {
            "sectionNotes": [
                {
                    "noteStrum": 74666.6666666666,
                    "noteData": 6,
                    "noteSus": 0
                },
                {
                    "noteStrum": 74708.3333333333,
                    "noteData": 7,
                    "noteSus": 0
                },
                {
                    "noteStrum": 74750,
                    "noteData": 6,
                    "noteSus": 0
                },
                {
                    "noteStrum": 74791.6666666666,
                    "noteData": 7,
                    "noteSus": 0
                },
                {
                    "noteStrum": 75000,
                    "noteData": 2,
                    "noteSus": 0
                },
                {
                    "noteStrum": 75166.6666666666,
                    "noteData": 1,
                    "noteSus": 0
                },
                {
                    "noteStrum": 75500,
                    "noteData": 0,
                    "noteSus": 0
                }
            ],
            "changeTimeScale": false,
            "timeScale": [
                4,
                4
            ],
            "changeBPM": null,
            "bpm": 0
        },
        {
            "sectionNotes": [
                {
                    "noteStrum": 76000,
                    "noteData": 1,
                    "noteSus": 0
                },
                {
                    "noteStrum": 76166.6666666666,
                    "noteData": 2,
                    "noteSus": 0
                },
                {
                    "noteStrum": 76333.3333333333,
                    "noteData": 0,
                    "noteSus": 0
                },
                {
                    "noteStrum": 76583.3333333333,
                    "noteData": 1,
                    "noteSus": 0
                },
                {
                    "noteStrum": 76833.3333333333,
                    "noteData": 3,
                    "noteSus": 0
                },
                {
                    "noteStrum": 77000,
                    "noteData": 0,
                    "noteSus": 0
                }
            ],
            "changeTimeScale": false,
            "timeScale": [
                4,
                4
            ],
            "changeBPM": null,
            "bpm": 0
        },
        {
            "sectionNotes": [
                {
                    "noteStrum": 77333.3333333333,
                    "noteData": 1,
                    "noteSus": 0
                },
                {
                    "noteStrum": 77666.6666666666,
                    "noteData": 3,
                    "noteSus": 0
                },
                {
                    "noteStrum": 77833.3333333333,
                    "noteData": 1,
                    "noteSus": 0
                },
                {
                    "noteStrum": 78166.6666666666,
                    "noteData": 3,
                    "noteSus": 0
                },
                {
                    "noteStrum": 78416.6666666666,
                    "noteData": 2,
                    "noteSus": 0
                }
            ],
            "changeTimeScale": false,
            "timeScale": [
                4,
                4
            ],
            "changeBPM": null,
            "bpm": 0
        },
        {
            "sectionNotes": [
                {
                    "noteStrum": 78666.6666666666,
                    "noteData": 0,
                    "noteSus": 0
                },
                {
                    "noteStrum": 78916.6666666666,
                    "noteData": 0,
                    "noteSus": 0
                },
                {
                    "noteStrum": 79000,
                    "noteData": 7,
                    "noteSus": 0
                },
                {
                    "noteStrum": 79500,
                    "noteData": 3,
                    "noteSus": 0
                },
                {
                    "noteStrum": 79666.6666666666,
                    "noteData": 0,
                    "noteSus": 0
                },
                {
                    "noteStrum": 79750,
                    "noteData": 3,
                    "noteSus": 0
                },
                {
                    "noteStrum": 79833.3333333333,
                    "noteData": 2,
                    "noteSus": 0
                }
            ],
            "changeTimeScale": false,
            "timeScale": [
                4,
                4
            ],
            "changeBPM": null,
            "bpm": 0
        },
        {
            "sectionNotes": [
                {
                    "noteStrum": 80000,
                    "noteData": 0,
                    "noteSus": 0
                },
                {
                    "noteStrum": 80083.3333333333,
                    "noteData": 1,
                    "noteSus": 0
                },
                {
                    "noteStrum": 80166.6666666666,
                    "noteData": 3,
                    "noteSus": 0
                },
                {
                    "noteStrum": 80250,
                    "noteData": 2,
                    "noteSus": 0
                },
                {
                    "noteStrum": 80333.3333333333,
                    "noteData": 0,
                    "noteSus": 0
                },
                {
                    "noteStrum": 80416.6666666666,
                    "noteData": 3,
                    "noteSus": 0
                },
                {
                    "noteStrum": 80500,
                    "noteData": 1,
                    "noteSus": 0
                },
                {
                    "noteStrum": 80583.3333333333,
                    "noteData": 2,
                    "noteSus": 0
                },
                {
                    "noteStrum": 80666.6666666666,
                    "noteData": 3,
                    "noteSus": 0
                },
                {
                    "noteStrum": 80833.3333333333,
                    "noteData": 0,
                    "noteSus": 0
                },
                {
                    "noteStrum": 81000,
                    "noteData": 3,
                    "noteSus": 0
                }
            ],
            "changeTimeScale": false,
            "timeScale": [
                4,
                4
            ],
            "changeBPM": null,
            "bpm": 0
        },
        {
            "sectionNotes": [
                {
                    "noteStrum": 81333.3333333333,
                    "noteData": 2,
                    "noteSus": 0
                },
                {
                    "noteStrum": 81666.6666666666,
                    "noteData": 3,
                    "noteSus": 0
                },
                {
                    "noteStrum": 82166.6666666666,
                    "noteData": 7,
                    "noteSus": 0
                },
                {
                    "noteStrum": 82333.3333333333,
                    "noteData": 5,
                    "noteSus": 0
                }
            ],
            "changeTimeScale": false,
            "timeScale": [
                4,
                4
            ],
            "changeBPM": null,
            "bpm": 0
        },
        {
            "sectionNotes": [
                {
                    "noteStrum": 82666.6666666666,
                    "noteData": 0,
                    "noteSus": 0
                },
                {
                    "noteStrum": 83000,
                    "noteData": 3,
                    "noteSus": 0
                },
                {
                    "noteStrum": 83166.6666666666,
                    "noteData": 0,
                    "noteSus": 0
                },
                {
                    "noteStrum": 83500,
                    "noteData": 2,
                    "noteSus": 0
                }
            ],
            "changeTimeScale": false,
            "timeScale": [
                4,
                4
            ],
            "changeBPM": null,
            "bpm": 0
        },
        {
            "sectionNotes": [
                {
                    "noteStrum": 84000,
                    "noteData": 0,
                    "noteSus": 0
                },
                {
                    "noteStrum": 84333.3333333333,
                    "noteData": 7,
                    "noteSus": 0
                },
                {
                    "noteStrum": 84833.3333333333,
                    "noteData": 3,
                    "noteSus": 0
                },
                {
                    "noteStrum": 85000,
                    "noteData": 5,
                    "noteSus": 0
                },
                {
                    "noteStrum": 85166.6666666666,
                    "noteData": 2,
                    "noteSus": 0
                }
            ],
            "changeTimeScale": false,
            "timeScale": [
                4,
                4
            ],
            "changeBPM": null,
            "bpm": 0
        },
        {
            "sectionNotes": [
                {
                    "noteStrum": 85333.3333333333,
                    "noteData": 0,
                    "noteSus": 0
                },
                {
                    "noteStrum": 85375,
                    "noteData": 1,
                    "noteSus": 0
                },
                {
                    "noteStrum": 85416.6666666666,
                    "noteData": 0,
                    "noteSus": 0
                },
                {
                    "noteStrum": 85666.6666666666,
                    "noteData": 7,
                    "noteSus": 0
                },
                {
                    "noteStrum": 85833.3333333333,
                    "noteData": 2,
                    "noteSus": 0
                },
                {
                    "noteStrum": 86166.6666666666,
                    "noteData": 0,
                    "noteSus": 0
                }
            ],
            "changeTimeScale": false,
            "timeScale": [
                4,
                4
            ],
            "changeBPM": null,
            "bpm": 0
        },
        {
            "sectionNotes": [
                {
                    "noteStrum": 86666.6666666666,
                    "noteData": 1,
                    "noteSus": 0
                },
                {
                    "noteStrum": 86833.3333333333,
                    "noteData": 7,
                    "noteSus": 0
                },
                {
                    "noteStrum": 87000,
                    "noteData": 0,
                    "noteSus": 0
                },
                {
                    "noteStrum": 87250,
                    "noteData": 3,
                    "noteSus": 0
                },
                {
                    "noteStrum": 87500,
                    "noteData": 1,
                    "noteSus": 0
                },
                {
                    "noteStrum": 87666.6666666666,
                    "noteData": 2,
                    "noteSus": 0
                }
            ],
            "changeTimeScale": false,
            "timeScale": [
                4,
                4
            ],
            "changeBPM": null,
            "bpm": 0
        },
        {
            "sectionNotes": [
                {
                    "noteStrum": 88000,
                    "noteData": 7,
                    "noteSus": 0
                },
                {
                    "noteStrum": 88333.3333333333,
                    "noteData": 0,
                    "noteSus": 0
                },
                {
                    "noteStrum": 88500,
                    "noteData": 1,
                    "noteSus": 0
                },
                {
                    "noteStrum": 88833.3333333333,
                    "noteData": 3,
                    "noteSus": 0
                },
                {
                    "noteStrum": 89083.3333333333,
                    "noteData": 3,
                    "noteSus": 0
                }
            ],
            "changeTimeScale": false,
            "timeScale": [
                4,
                4
            ],
            "changeBPM": null,
            "bpm": 0
        },
        {
            "sectionNotes": [
                {
                    "noteStrum": 89333.3333333333,
                    "noteData": 0,
                    "noteSus": 0
                },
                {
                    "noteStrum": 89583.3333333333,
                    "noteData": 1,
                    "noteSus": 0
                },
                {
                    "noteStrum": 89666.6666666666,
                    "noteData": 0,
                    "noteSus": 0
                },
                {
                    "noteStrum": 90000,
                    "noteData": 3,
                    "noteSus": 0
                },
                {
                    "noteStrum": 90166.6666666666,
                    "noteData": 2,
                    "noteSus": 0
                },
                {
                    "noteStrum": 90333.3333333333,
                    "noteData": 0,
                    "noteSus": 0
                },
                {
                    "noteStrum": 90416.6666666666,
                    "noteData": 3,
                    "noteSus": 0
                },
                {
                    "noteStrum": 90500,
                    "noteData": 5,
                    "noteSus": 0
                }
            ],
            "changeTimeScale": false,
            "timeScale": [
                4,
                4
            ],
            "changeBPM": null,
            "bpm": 0
        },
        {
            "sectionNotes": [
                {
                    "noteStrum": 90666.6666666667,
                    "noteData": 7,
                    "noteSus": 0
                },
                {
                    "noteStrum": 91000,
                    "noteData": 3,
                    "noteSus": 0
                },
                {
                    "noteStrum": 91166.6666666667,
                    "noteData": 1,
                    "noteSus": 0
                },
                {
                    "noteStrum": 91500,
                    "noteData": 0,
                    "noteSus": 0
                }
            ],
            "changeTimeScale": false,
            "timeScale": [
                4,
                4
            ],
            "changeBPM": null,
            "bpm": 0
        },
        {
            "sectionNotes": [
                {
                    "noteStrum": 92000,
                    "noteData": 1,
                    "noteSus": 0
                },
                {
                    "noteStrum": 92333.3333333333,
                    "noteData": 2,
                    "noteSus": 0
                },
                {
                    "noteStrum": 92833.3333333333,
                    "noteData": 1,
                    "noteSus": 0
                },
                {
                    "noteStrum": 93000,
                    "noteData": 3,
                    "noteSus": 0
                }
            ],
            "changeTimeScale": false,
            "timeScale": [
                4,
                4
            ],
            "changeBPM": null,
            "bpm": 0
        },
        {
            "sectionNotes": [
                {
                    "noteStrum": 93333.3333333333,
                    "noteData": 0,
                    "noteSus": 0
                },
                {
                    "noteStrum": 93666.6666666667,
                    "noteData": 3,
                    "noteSus": 0
                },
                {
                    "noteStrum": 93833.3333333333,
                    "noteData": 1,
                    "noteSus": 0
                },
                {
                    "noteStrum": 94166.6666666667,
                    "noteData": 3,
                    "noteSus": 0
                }
            ],
            "changeTimeScale": false,
            "timeScale": [
                4,
                4
            ],
            "changeBPM": null,
            "bpm": 0
        },
        {
            "sectionNotes": [
                {
                    "noteStrum": 94666.6666666667,
                    "noteData": 1,
                    "noteSus": 0
                },
                {
                    "noteStrum": 95000,
                    "noteData": 7,
                    "noteSus": 0
                },
                {
                    "noteStrum": 95041.6666666667,
                    "noteData": 6,
                    "noteSus": 0
                },
                {
                    "noteStrum": 95083.3333333333,
                    "noteData": 7,
                    "noteSus": 0
                },
                {
                    "noteStrum": 95500,
                    "noteData": 3,
                    "noteSus": 0
                },
                {
                    "noteStrum": 95666.6666666667,
                    "noteData": 1,
                    "noteSus": 0
                }
            ],
            "changeTimeScale": false,
            "timeScale": [
                4,
                4
            ],
            "changeBPM": null,
            "bpm": 0
        },
        {
            "sectionNotes": [
                {
                    "noteStrum": 96000,
                    "noteData": 2,
                    "noteSus": 0
                },
                {
                    "noteStrum": 96333.3333333333,
                    "noteData": 3,
                    "noteSus": 0
                },
                {
                    "noteStrum": 96500,
                    "noteData": 0,
                    "noteSus": 0
                },
                {
                    "noteStrum": 96833.3333333333,
                    "noteData": 2,
                    "noteSus": 0
                }
            ],
            "changeTimeScale": false,
            "timeScale": [
                4,
                4
            ],
            "changeBPM": null,
            "bpm": 0
        },
        {
            "sectionNotes": [
                {
                    "noteStrum": 97333.3333333333,
                    "noteData": 1,
                    "noteSus": 0
                },
                {
                    "noteStrum": 97500,
                    "noteData": 1,
                    "noteSus": 0
                },
                {
                    "noteStrum": 97666.6666666667,
                    "noteData": 0,
                    "noteSus": 0
                },
                {
                    "noteStrum": 98166.6666666667,
                    "noteData": 3,
                    "noteSus": 0
                },
                {
                    "noteStrum": 98333.3333333333,
                    "noteData": 7,
                    "noteSus": 0
                }
            ],
            "changeTimeScale": false,
            "timeScale": [
                4,
                4
            ],
            "changeBPM": null,
            "bpm": 0
        },
        {
            "sectionNotes": [
                {
                    "noteStrum": 98666.6666666667,
                    "noteData": 1,
                    "noteSus": 0
                },
                {
                    "noteStrum": 99000,
                    "noteData": 0,
                    "noteSus": 0
                },
                {
                    "noteStrum": 99166.6666666667,
                    "noteData": 3,
                    "noteSus": 0
                },
                {
                    "noteStrum": 99500,
                    "noteData": 2,
                    "noteSus": 0
                }
            ],
            "changeTimeScale": false,
            "timeScale": [
                4,
                4
            ],
            "changeBPM": null,
            "bpm": 0
        },
        {
            "sectionNotes": [
                {
                    "noteStrum": 100000,
                    "noteData": 3,
                    "noteSus": 0
                },
                {
                    "noteStrum": 100333.333333333,
                    "noteData": 0,
                    "noteSus": 0
                },
                {
                    "noteStrum": 100500,
                    "noteData": 1,
                    "noteSus": 0
                },
                {
                    "noteStrum": 100666.666666667,
                    "noteData": 0,
                    "noteSus": 0
                },
                {
                    "noteStrum": 100833.333333333,
                    "noteData": 2,
                    "noteSus": 0
                },
                {
                    "noteStrum": 101000,
                    "noteData": 0,
                    "noteSus": 0
                },
                {
                    "noteStrum": 101166.666666667,
                    "noteData": 5,
                    "noteSus": 0
                }
            ],
            "changeTimeScale": false,
            "timeScale": [
                4,
                4
            ],
            "changeBPM": null,
            "bpm": 0
        },
        {
            "sectionNotes": [
                {
                    "noteStrum": 101333.333333333,
                    "noteData": 7,
                    "noteSus": 0
                },
                {
                    "noteStrum": 101666.666666667,
                    "noteData": 3,
                    "noteSus": 0
                },
                {
                    "noteStrum": 101833.333333333,
                    "noteData": 0,
                    "noteSus": 0
                },
                {
                    "noteStrum": 102166.666666667,
                    "noteData": 1,
                    "noteSus": 0
                },
                {
                    "noteStrum": 102333.333333333,
                    "noteData": 3,
                    "noteSus": 0
                }
            ],
            "changeTimeScale": false,
            "timeScale": [
                4,
                4
            ],
            "changeBPM": null,
            "bpm": 0
        },
        {
            "sectionNotes": [
                {
                    "noteStrum": 102666.666666667,
                    "noteData": 0,
                    "noteSus": 0
                },
                {
                    "noteStrum": 103000,
                    "noteData": 2,
                    "noteSus": 0
                },
                {
                    "noteStrum": 103500,
                    "noteData": 1,
                    "noteSus": 0
                },
                {
                    "noteStrum": 103666.666666667,
                    "noteData": 2,
                    "noteSus": 0
                }
            ],
            "changeTimeScale": false,
            "timeScale": [
                4,
                4
            ],
            "changeBPM": null,
            "bpm": 0
        },
        {
            "sectionNotes": [
                {
                    "noteStrum": 104000,
                    "noteData": 0,
                    "noteSus": 0
                },
                {
                    "noteStrum": 104333.333333333,
                    "noteData": 3,
                    "noteSus": 0
                },
                {
                    "noteStrum": 104500,
                    "noteData": 2,
                    "noteSus": 0
                },
                {
                    "noteStrum": 104833.333333333,
                    "noteData": 0,
                    "noteSus": 0
                }
            ],
            "changeTimeScale": false,
            "timeScale": [
                4,
                4
            ],
            "changeBPM": null,
            "bpm": 0
        },
        {
            "sectionNotes": [
                {
                    "noteStrum": 105333.333333333,
                    "noteData": 1,
                    "noteSus": 0
                },
                {
                    "noteStrum": 105666.666666667,
                    "noteData": 2,
                    "noteSus": 0
                },
                {
                    "noteStrum": 106166.666666667,
                    "noteData": 0,
                    "noteSus": 0
                },
                {
                    "noteStrum": 106333.333333333,
                    "noteData": 2,
                    "noteSus": 0
                },
                {
                    "noteStrum": 106500,
                    "noteData": 3,
                    "noteSus": 0
                }
            ],
            "changeTimeScale": false,
            "timeScale": [
                4,
                4
            ],
            "changeBPM": null,
            "bpm": 0
        },
        {
            "sectionNotes": [
                {
                    "noteStrum": 106666.666666667,
                    "noteData": 2,
                    "noteSus": 0
                },
                {
                    "noteStrum": 107000,
                    "noteData": 3,
                    "noteSus": 0
                },
                {
                    "noteStrum": 107166.666666667,
                    "noteData": 0,
                    "noteSus": 0
                },
                {
                    "noteStrum": 107500,
                    "noteData": 1,
                    "noteSus": 0
                },
                {
                    "noteStrum": 107666.666666667,
                    "noteData": 3,
                    "noteSus": 0
                }
            ],
            "changeTimeScale": false,
            "timeScale": [
                4,
                4
            ],
            "changeBPM": null,
            "bpm": 0
        },
        {
            "sectionNotes": [
                {
                    "noteStrum": 108000,
                    "noteData": 0,
                    "noteSus": 0
                },
                {
                    "noteStrum": 108333.333333333,
                    "noteData": 2,
                    "noteSus": 0
                },
                {
                    "noteStrum": 108833.333333333,
                    "noteData": 1,
                    "noteSus": 0
                },
                {
                    "noteStrum": 109000,
                    "noteData": 3,
                    "noteSus": 0
                },
                {
                    "noteStrum": 109125,
                    "noteData": 0,
                    "noteSus": 0
                },
                {
                    "noteStrum": 109250,
                    "noteData": 3,
                    "noteSus": 0
                }
            ],
            "changeTimeScale": false,
            "timeScale": [
                4,
                4
            ],
            "changeBPM": null,
            "bpm": 0
        },
        {
            "sectionNotes": [
                {
                    "noteStrum": 109333.333333333,
                    "noteData": 1,
                    "noteSus": 0
                },
                {
                    "noteStrum": 109500,
                    "noteData": 7,
                    "noteSus": 0
                },
                {
                    "noteStrum": 109666.666666667,
                    "noteData": 0,
                    "noteSus": 0
                },
                {
                    "noteStrum": 109833.333333333,
                    "noteData": 3,
                    "noteSus": 0
                },
                {
                    "noteStrum": 110166.666666667,
                    "noteData": 2,
                    "noteSus": 0
                }
            ],
            "changeTimeScale": false,
            "timeScale": [
                4,
                4
            ],
            "changeBPM": null,
            "bpm": 0
        },
        {
            "sectionNotes": [
                {
                    "noteStrum": 110666.666666667,
                    "noteData": 3,
                    "noteSus": 0
                },
                {
                    "noteStrum": 111166.666666667,
                    "noteData": 1,
                    "noteSus": 0
                },
                {
                    "noteStrum": 111666.666666667,
                    "noteData": 0,
                    "noteSus": 0
                }
            ],
            "changeTimeScale": false,
            "timeScale": [
                4,
                4
            ],
            "changeBPM": null,
            "bpm": 0
        },
        {
            "sectionNotes": [
                {
                    "noteStrum": 112000,
                    "noteData": 6,
                    "noteSus": 0
                },
                {
                    "noteStrum": 112333.333333333,
                    "noteData": 3,
                    "noteSus": 0
                },
                {
                    "noteStrum": 112500,
                    "noteData": 1,
                    "noteSus": 0
                },
                {
                    "noteStrum": 112666.666666667,
                    "noteData": 3,
                    "noteSus": 0
                },
                {
                    "noteStrum": 112833.333333333,
                    "noteData": 2,
                    "noteSus": 0
                }
            ],
            "changeTimeScale": false,
            "timeScale": [
                4,
                4
            ],
            "changeBPM": null,
            "bpm": 0
        },
        {
            "sectionNotes": [
                {
                    "noteStrum": 113333.333333333,
                    "noteData": 1,
                    "noteSus": 0
                },
                {
                    "noteStrum": 113666.666666667,
                    "noteData": 2,
                    "noteSus": 0
                },
                {
                    "noteStrum": 114000,
                    "noteData": 3,
                    "noteSus": 0
                },
                {
                    "noteStrum": 114166.666666667,
                    "noteData": 1,
                    "noteSus": 0
                },
                {
                    "noteStrum": 114333.333333333,
                    "noteData": 0,
                    "noteSus": 0
                }
            ],
            "changeTimeScale": false,
            "timeScale": [
                4,
                4
            ],
            "changeBPM": null,
            "bpm": 0
        },
        {
            "sectionNotes": [
                {
                    "noteStrum": 114666.666666667,
                    "noteData": 1,
                    "noteSus": 0
                },
                {
                    "noteStrum": 115000,
                    "noteData": 3,
                    "noteSus": 0
                },
                {
                    "noteStrum": 115166.666666667,
                    "noteData": 0,
                    "noteSus": 0
                },
                {
                    "noteStrum": 115333.333333333,
                    "noteData": 3,
                    "noteSus": 0
                },
                {
                    "noteStrum": 115500,
                    "noteData": 2,
                    "noteSus": 0
                }
            ],
            "changeTimeScale": false,
            "timeScale": [
                4,
                4
            ],
            "changeBPM": null,
            "bpm": 0
        },
        {
            "sectionNotes": [
                {
                    "noteStrum": 116000,
                    "noteData": 0,
                    "noteSus": 0
                },
                {
                    "noteStrum": 116500,
                    "noteData": 3,
                    "noteSus": 0
                },
                {
                    "noteStrum": 117000,
                    "noteData": 1,
                    "noteSus": 0
                }
            ],
            "changeTimeScale": false,
            "timeScale": [
                4,
                4
            ],
            "changeBPM": null,
            "bpm": 0
        },
        {
            "sectionNotes": [
                {
                    "noteStrum": 117333.333333333,
                    "noteData": 2,
                    "noteSus": 0
                }
            ],
            "changeTimeScale": false,
            "timeScale": [
                4,
                4
            ],
            "changeBPM": null,
            "bpm": 0
        }
    ],
    "song": "Blazin",
    "sections": 0,
    "speed": 3.2,
    "bpm": 180
}